{"inputUnits":[42],"outputUnits":4,"inputs":{"0":{"dtype":"number","min":459.4484354322762,"max":1067.093574711483},"1":{"dtype":"number","min":282.88252900498156,"max":492.77428126269876},"2":{"dtype":"number","min":530.4617623536686,"max":987.1497679438571},"3":{"dtype":"number","min":308.5791610444282,"max":476.4075973149229},"4":{"dtype":"number","min":581.6334554325538,"max":941.6744045951958},"5":{"dtype":"number","min":342.3632862094203,"max":465.6608193346479},"6":{"dtype":"number","min":613.7445680304892,"max":924.3789102819012},"7":{"dtype":"number","min":329.1393092685949,"max":484.12968388757236},"8":{"dtype":"number","min":624.2636848656874,"max":930.8096272513831},"9":{"dtype":"number","min":307.49942378591004,"max":516.5340444311896},"10":{"dtype":"number","min":626.2180263007868,"max":918.0024608380326},"11":{"dtype":"number","min":269.25108524165273,"max":455.0106596437327},"12":{"dtype":"number","min":583.7011300428645,"max":911.4530011039305},"13":{"dtype":"number","min":230.67088751447864,"max":532.743789337546},"14":{"dtype":"number","min":531.6421027685553,"max":917.0424145178803},"15":{"dtype":"number","min":185.94762813142168,"max":581.2786252150137},"16":{"dtype":"number","min":483.5191116934324,"max":927.2965690152203},"17":{"dtype":"number","min":142.85343851707898,"max":614.0078338438639},"18":{"dtype":"number","min":614.0939329143438,"max":957.091330245647},"19":{"dtype":"number","min":255.60270745741465,"max":458.871095985775},"20":{"dtype":"number","min":601.5822779230422,"max":958.4061754269719},"21":{"dtype":"number","min":270.4660809790798,"max":516.9302187312272},"22":{"dtype":"number","min":571.8011560357729,"max":959.8427710903508},"23":{"dtype":"number","min":317.7540655467537,"max":493.2987555919016},"24":{"dtype":"number","min":555.8456726100721,"max":962.4326333944},"25":{"dtype":"number","min":328.9298486606923,"max":471.41134189524155},"26":{"dtype":"number","min":592.6942339954904,"max":1000.3506747048809},"27":{"dtype":"number","min":252.75741974866617,"max":473.4312404211085},"28":{"dtype":"number","min":614.9254864091528,"max":998.499970208776},"29":{"dtype":"number","min":276.33493744196585,"max":500.82038302903794},"30":{"dtype":"number","min":576.0942062584816,"max":998.5354401899763},"31":{"dtype":"number","min":299.66814789906067,"max":499.14164145043185},"32":{"dtype":"number","min":558.8565798358875,"max":1000.0048237679598},"33":{"dtype":"number","min":309.92148641300264,"max":484.75916171679916},"34":{"dtype":"number","min":566.3223942119331,"max":1042.0201589981132},"35":{"dtype":"number","min":255.88180398905976,"max":509.872943511706},"36":{"dtype":"number","min":588.3230089779722,"max":1032.0068375103479},"37":{"dtype":"number","min":259.56859071730537,"max":507.01590899578787},"38":{"dtype":"number","min":565.1201214800086,"max":1030.2877829262438},"39":{"dtype":"number","min":281.6250761209884,"max":509.6401467495502},"40":{"dtype":"number","min":552.78569706564,"max":1033.68385293754},"41":{"dtype":"number","min":281.36889266451635,"max":506.96289770280373}},"outputs":{"0":{"dtype":"string","min":0,"max":1,"uniqueValues":["Left","Right","Up","Down"],"legend":{"Left":[1,0,0,0],"Right":[0,1,0,0],"Up":[0,0,1,0],"Down":[0,0,0,1]}}},"isNormalized":true}